{"accuracy": 0.60124, "f1_score": 0.597771941814815}